seq_id,sequence,length,entropy_norm,distinct2,distinct3,distinct23_avg,H_poly_k4,ptm,plddt
esm3_00000_len200_steps20,MLIRLLLISSSSSVSSSSRFSSSSSSSSSSFLLLLLLGLLLVLLLLILGSILLLLSLLYLLSFFLFSLLRNLLLLLHLLSSLLLLLLLLLLLTLLLLLLLLLLLLLNLLLLLLLLLLLLLLLLLLLLQLLLLLLFLLLGSILLLLSFLLLLLLLDLLLLLLLLLLLLLLQVLLSLIFLLLLLLILLLLKLIFFFFFFFFF,200,0.4470386374390347,0.21608040201005024,0.3787878787878788,0.29743414039896454,0.33999999999999997,0.5178270936012268,88.73456716537476
esm3_00001_len200_steps20,MEELEEFKRELEEELYEELLNLEEELEELEEEFEELEDELEDIEEEGGDIEYLRQVHLEELRERLEELEEELEELKEELEELLEELRPLEVLEEEYERLKEEIEELREQGVDPSELERELERAEEELEELEKELEELEEELEELEDTLETALRELEEVEEELAEEELEEELEELEEELEELSEEVRSLEEELEELEERLK,200,0.5698673236353867,0.2914572864321608,0.47474747474747475,0.38310238058981777,1.0,0.5601560473442078,95.64810395240784
esm3_00002_len200_steps20,AAAAAPAAAAAASAAAAAAAAAAAAASATAAAAPAAAAAAAAARASARVAAAAAAPAAAGAAAAAAAATAAAAARAAAAAAAAAAAAAAAAAAAAAARRAASEALAASGRRGRHPAAAAAGAAAVAAAARAAAAAAAAAAPVAAAAAASAERAAAAAAAAAAAAAAADRAAAARAHASAAAAIAADAADRLAAALGALAA,200,0.35158456435107766,0.18090452261306533,0.30808080808080807,0.2444926653469367,0.37,0.7211689949035645,93.70623826980591
esm3_00003_len200_steps20,MTNRQKNKKNMKKMKKLLLLLFLLLLTLVLSAAAQNKEEARKKKEAEEHFEKGLEYLKKKKYDEAIKEFKKAIELNPKFAEAYANLGLAYLYSKGNNKEENKKKAEDAAAKAIELEPKNASAYNVLGLIYYYGKDYDTAIEYFKKALEVKPDYVDAYINIGKAYLKKGKKDEAKKYFEKALEIDPNNEEAKKYLSLIEKK,200,0.8222101340054673,0.5125628140703518,0.8383838383838383,0.6754733262270951,0.935,0.8759149312973022,97.81712293624878
esm3_00004_len200_steps20,MAARLAAALAIAAAGAAGAAAAAALAGAAAAAAAAAAAAEAAAAAAAAAAAAAAAAGAAAAVVAAAAAAAAAAAAAAAALAALAAPAAAAAAADAAAAAAAAAAAAAALAAAALAAAAAAAALAAAAAAAAAAAAAFAAAAAALAASARLEARAAAAILAAAAAAARARAAAAAAAARAAAAAAAAAAAAAAAALSAAAA,200,0.2660680167382198,0.135678391959799,0.23232323232323232,0.18400081214151565,0.275,0.4700300693511963,90.22095203399658
esm3_00005_len200_steps20,MLHLLLSLSLLLLLVLLVLALLLLLLLLLLVLLLLLLLLLLVSSSSPSAAAAAAAVNLLLSLLVQLLLLLVTKTELVTTTTPATTTTTTTTTSTTTTTTTTGTTTTSSSSSSTSSSSSSSSSSALLLLLFLLLLVTTTTTAAAPSSSSSSDGTATTSSTTTTTTTLVAAAASSALLLLLLLALLLWLLLSSSSSDSSSSS,200,0.594026261873575,0.23115577889447236,0.3939393939393939,0.31254758641693314,0.35,0.42983734607696533,66.07598066329956
esm3_00006_len200_steps20,PPPTPTPTLPPEGGLPPGGPPPPCQNTPTCTPTPTPTPTPTPTPTPTPTATPPPGGTPPGAPSLPPGGPPSPPPGGPPPPCQNTPPCTPTPTPTPTPVPPPPGTPTPTPTPTPTPTPTPTLTPTSTPTPTPTPTPTPTPTPTPPPGGPPSGTPPGAPSLPPGGPPPGGIPTPIPTPPPPGGTPPGAPSLPPGGPPSPPPG,200,0.5091376989739999,0.1708542713567839,0.2777777777777778,0.22431602456728084,0.92,0.20495231449604034,73.13074469566345
esm3_00007_len200_steps20,MTAARAGAAARRLSPAASLALAAAAAAAAALVAAPPALAALAALGAAAALAAGARRPLLAGLRRLAPLAALAAAAAAAAAALAGGGAAAAAAAALAAAFAARAAAAAAALAVLAAAASRAGLDPARALAALGLPRRAALALALALGLVPDLARDAKRIRAALRARGLDPSRTRALLVPLLVRALERAESLAEAVEARGLA,200,0.5789364819773871,0.2814070351758794,0.5404040404040404,0.4109055377899599,0.79,0.7091086506843567,91.59583449363708
esm3_00008_len200_steps20,MNTAAPSPAEAAAAALAALAAAVEAARAAAAAALATAAGLDAAAAAAAAAAAAAAAAAAAAAAELLASARAAAARLAAAAAAARAADRTAAAAFARAAAAAAAADPALAAAALSAAAAAAAAARAAATAAAAAAALAALAAAAAAAAAAEAAAAAAAAVAAALLAAAAGRPAAAAAAAEVAAAAAAAEAALAAALAAAAR,200,0.3781472194905329,0.18592964824120603,0.29797979797979796,0.24195472311050198,0.42000000000000004,0.6805062890052795,87.48147487640381
esm3_00009_len200_steps20,MRVAAAAAAAAAAAAAAAAAAAAAAAQAAADAAAAWAAAAAAAAAAAAAAAAAAAAAATLAAAAAAAAAAAAALAAPRVAVVDAALAAAVGAAAAAAAAAAAIAAALAPGAVAAAGAAAAAGAVAAAAAAAAPLAAAALAAAAAGAAAIAAAGAAAAAAAAAAAAAAAAAAVAAVAGAAGAAAAGAAATAAAAAAAAGAA,200,0.29903361004075574,0.135678391959799,0.22727272727272727,0.18147555961626313,0.375,0.6090036034584045,95.55027484893799
esm3_00010_len200_steps20,AALAAAAAAAAAAAAAVAVAAAAAIAALAAAALAAAAAAGVAAAALAAALAAIAAAAAAVAARPGARAAASAAAAAALAAAAVAAAAAAAAAAAARAAAAARRAAAVARAAAGAAAAAAAAAAARAATAAAAAAALAAQAAAAAAAAAAAALAAAAAAAAAAATAAAAAAARAALDAAAAAAAAGDAAGAAALRAAADAA,200,0.30037500408362533,0.1306532663316583,0.2222222222222222,0.17643774427694026,0.395,0.2642006278038025,62.255364656448364
esm3_00011_len200_steps20,MSPPPPGPPPPPPPYAAAAAAAAAARAAAAAAAARAAALAAAEAAAAAAAALAAAAAAAGAAAAAAATADAAAAAAEAAAALAAALAAAPPPPPPPPAAAAAAAAAAAAAAAAAAAAAAAAAAAAAAAALAAAAAATAAAAAAAAAAAAAAAAAAAAAAYAAAAAAAAWAAAASAVAAAAAAAAASAAAATAAAAAATAA,200,0.3128703482675355,0.1457286432160804,0.21717171717171718,0.1814501801938988,0.19999999999999996,0.7741832733154297,90.67987203598022
esm3_00012_len200_steps20,AAAAAAAAAAAAAAAAAAAAAAAALSAAAAAAAASASAVAAAAAAAAAAAAAAAAAAAAAARAGAAAAPAAAAAAAVAARPASAAVVAAAEAAAAEAAGAAAAAAAAAAALAAHPAAALAAAAAAAAAAAADAAAAAAGAAASAAAAAAAEAAAAAAPAAAAAAAAAAAAAAAAAAAAAAAAALAAAEAAAAAPAAAAAA,200,0.23871786495304595,0.11055276381909548,0.18686868686868688,0.14871072534389118,0.265,0.5497883558273315,84.20067429542542
esm3_00013_len200_steps20,MSLSTILAFLLAALLLAATPGPVNLLALRTAARHGRRAGLRVAAAAALSVFLLALAAGLIAAALAALLAPLLLVFRLAGIAYLSYLAWRLWRAPASAEAAASSGKSFLATFLLGLANPKLLLFFLALLAPFLAAAANAAALLLALALLAALAEFAVLALYALAGERLARALARPRVRRALLRLAALALLAAAALLALKLL,200,0.6782729934763729,0.4020100502512563,0.6565656565656566,0.5292878534084564,0.935,0.8594420552253723,89.34260606765747
esm3_00014_len200_steps20,MLLLLEFYLALNLLLLFLSLFFLLLLFLPFFLLFLLGLLLLLLNLLILLLLLLLNLLLILSLYFTLLLLLLYLLLLKLLLLKLLDGVLLTLLQLLLLSLLLLLLLLLPLLLALLFFFLLLLLLLLRLLLLLLVLLLLLLLILDLPLLLLLLLLLLLLLLLLLKELLLLLLLLLLLLHLVLFLLCLLLLLLLKLQLLLLKL,200,0.4182478862226775,0.22613065326633167,0.3939393939393939,0.3100350236028628,0.43500000000000005,0.6119934916496277,88.34580779075623
esm3_00015_len200_steps20,AAAAAAAAAAAAAPAAAVAAPPAAAAAPAAPAPAALPAAAAAAAAAPAAAAAADAPPAASAAAAAAAAAAAAAAAAAAAAAAAAAAAAAAAAAAAAAAALLAAAAAAAASAAAAAPAAAAAARPPAAAAAAAAAPALPAAAAAAAALAAAAAAAAAARAAIAATPVAAAPAGAAAAAVAAAAAMAAVAAAAAPAAAAAAA,200,0.25852398951468986,0.1306532663316583,0.21212121212121213,0.17138723922643523,0.30000000000000004,0.6659178137779236,85.57873368263245
esm3_00016_len200_steps20,MDPAAPAAAARAAARAAAAAAAALRAAAAAAEAARRAPAGPAAAAAIAAAAARAAGADAALAADAAGRLVAVADAAGAALAAAEAAAAAAAAAAAAAAAALAAAAARGAEAEAAAAPAAAAAAAAAALDALAARLRAAAAGAAAALASAAAARALVERAAGLLAERLGLDPAAALAALRRAAAAAGLSAAEAAARLLAAT,200,0.4554183267618374,0.18090452261306533,0.36363636363636365,0.2722704431247145,0.6,0.5423243641853333,88.45465183258057
esm3_00017_len200_steps20,MRAIVACLAAAAAAAAAAAAAAALAAAAAAAAVAALAAPAAALAAAAVAGAAAAATKAAAAAALAAAAAAAAEAAVAAQAAATAAARAADAAAAAAAAAAAAAAAAAAAAAAAAAAAAAAAAAEAAAAAASAAAAAAAAAALDAAAARAAAAAAAAAAAAAAAALAAAAAESAAAAEAAAILAAAAAAADAAAAAAAAAA,200,0.2880715642187448,0.15577889447236182,0.24242424242424243,0.19910156844830212,0.29500000000000004,0.30787625908851624,48.48017394542694
esm3_00018_len200_steps20,MRLEAIVAAAAVAAAAAAAAAAAAAAAAAEAAARAAAAAAAAAAALAAAAAAAAAAAAAAAAAAAAAAASAAAAGSAAAAAAAAASAAATAAVASLAAAANAAAAAAAAAVAALAAAAAAAAQAAAAAFAAAAAAAVAAAAAAALALAAAALALAAALDAAARAHPALSAALAALAAAALDAAAAARAAAAAAAALAAAR,200,0.3269859923690054,0.1658291457286432,0.25252525252525254,0.20917719912694788,0.355,0.6096699237823486,93.68528723716736
esm3_00019_len200_steps20,MAAARALAGAAAAAAAALAAAAAATAAAAAAAAAAAAAAAAPAAAAAAAAAAIAAGLAAAMAAPAPGAAAALRAASAGAAAARAPAPAAAAGAALAAAAAAAAAAAAEAAAAAAGAGAALAAAAAAAATTAPGGAAAAAAALALAVARRAAAGAVAAAAALAAAAAAAAAAAHRAGAAIARAAAAAAASAAAGLAAAAAL,200,0.3549141387905201,0.1457286432160804,0.29292929292929293,0.21932896807268665,0.43500000000000005,0.7052714824676514,79.84427809715271
esm3_00020_len200_steps20,MPSPPPPAAPLAAAAAAAAAAAAAAAAADAHAAAAVAAAADAAAAAAAAPAAAAAAALAAAARAAADAADTAAAAAAAAAAATAAAALAAAAAAAAAAAAAAAAAAAAAAAAAAAAAIAASCAAVAERALARLAAAAAAAAGVAAARALAAAAAAAAAAAARATRAAAAAAAAATAAAAAGRRPRRRSRRRRRRRRRRRR,200,0.3961723384435897,0.19095477386934673,0.30303030303030304,0.24699253844982488,0.31000000000000005,0.3155626058578491,53.433942794799805
esm3_00021_len200_steps20,ARAALAAAAAAAAAAAAAAPAAAAAAAALARAAPAEAAAAAAAAAAAAAARAAAAAAAGAAAAAALAAAAAATAAAAAAAAAAAAAAAAAAAGAAAAVAAAAAAAAAAGAAVAAAAAAADAAAAAAAKALAAGAAAARGAAAALAAAAAAAAAAAAGAAAAAGAVAAAAAAAGAAGTLAAGGEAAAAALAGASAVVAAAA,200,0.28071715742428294,0.135678391959799,0.2222222222222222,0.17895030709101062,0.28500000000000003,0.6875448822975159,87.53529191017151
esm3_00022_len200_steps20,MAAAAVAAAAAAAAAAAAAAAAAAAAAAAALAAALATAAAALAAAAAVAAAAIAAAAAEVAAAAAAAAALAAAAAAVAAALAAMAAAAAALAAAAALAAAAAAAAAAAAAAVAAAAAAAAAAAAAAAAAAAAAAALAAAAAAAAAAAAAAAAAADAAARAAAAALAAAAACAAAAAERAAAALAAAAAAAKAAAAAAAAR,200,0.21864864650558616,0.11055276381909548,0.16666666666666666,0.13860971524288107,0.19499999999999995,0.4348289370536804,70.03678679466248
esm3_00023_len200_steps20,EGEGQGEAEGEGEGEAAAAEGEGEGEAEGEGAAEGEGEAGRESEGEGEGEGEAEGAGEAEGEGEGEGEGEGQGEGEGEGDAADGEAAAAEGEGEGEGEGEGEGEGEGEGEGEGEGEDGREGEGEGEAAAAAPEGEGEGEGEGEGEGQGEGEGEGEGDGDGEDAAEDEAEGEGEGEGEGEGEGEGEGEGEAAATEGEGEGE,200,0.4405373675342893,0.11557788944723618,0.21717171717171718,0.16637480330947668,0.935,0.5320504903793335,67.70967841148376
esm3_00024_len200_steps20,VLALLALLALLALALALLAWLAGLLAPLLTLLLMALVALLLAFALLRLLALLLALLALLLALLALLLAGLPWLAFALLLALLALALALLLRSLALALAAAVLALAALFLALFLAGLLAALLAALLAALIALLALALYLVALLAALLAALLALALQLLRIALLALALLSLVALFALLAVALLALLALLALALLALALALLA,200,0.439868789914658,0.18090452261306533,0.30808080808080807,0.2444926653469367,1.0,0.21789537370204926,56.0538113117218
esm3_00025_len200_steps20,AAAAAAAAAAAAAAAAAASAAAAAALAAAGAAAAAAAAAAAAARAALAAPAAAAAAAALAAAAAAPAAAAAANVAAAAAAAAAAAALKAALPPAAAAAARAAAAGAEAAAAAAVALAGAARLAARAAAAAAAAAAALAAAAAGAAVRAALAAALAAAAASAAAAAAAAAVAAAAAAAAAAIAAAAAAAAAAAAAAAAAAA,200,0.26014280519205185,0.12562814070351758,0.20202020202020202,0.16382417136185978,0.28,0.425129771232605,69.37577724456787
esm3_00026_len200_steps20,AAAAAAAAADHPTAAAAAAAAAAAALLALLPLLKLLLLRRLGAFALALAAAAAACASAAAAAAAAAIARAAAAPASAAAAYSAALAAAAAAAAAAAIAAAAALAQLAAALATALIAAAALRIALGALLAALAADALTAAELAAALAAALAAALAAGLTAFAAALDAALLAALAAAAAAALAAALAAALDALAQLAAGALA,200,0.4511800028734222,0.22110552763819097,0.3787878787878788,0.29994670321303485,0.625,0.3933180570602417,59.89760756492615
esm3_00027_len200_steps20,AAAAAAAAAAAAMAAAAAAALAAEAAAAVAFAAAAAAAAAAAAAAAAAAAAGAAAGAAAAAAPAAAAAAAAAAASAALGAAAAALASAAAAFAAAGAAADAADAAAAAAAATAAAAAAAAAALAAATALLALWAAAAAAAGAALAAAAAALAAAGAAMAAAAAAAAAAAAAAAAAAAAAAAAAGAALRVAGIAAAAAAAA,200,0.28240728014920113,0.1457286432160804,0.24242424242424243,0.1940764428201614,0.33499999999999996,0.3146398067474365,51.7642617225647
esm3_00028_len200_steps20,MKLRTLLLALALLLALAAPTLAQEEEDEEEEEEEYREELEEEEEAEEEEEEEEEEERLEEDEEEEEEEEVVETLEGEIEEEEEEEEEEEEEESEEEEREVEEESLDEEEEEELEAEEEYEDEETDEVDDVEENEEEVDDVEENEEEVDDVEENDEVDDVEDNEEVDEVDDVEENDEVDDVEDNEEVDEVDDVEENEEEVD,200,0.5607530032564454,0.23115577889447236,0.3838383838383838,0.30749708136642806,0.725,0.397246778011322,85.74739098548889
esm3_00029_len200_steps20,GSSSGTLTLASGTTTIKSITATSGTNTITSSGTLTIGADGTTGTIDIEATTTTFTGDVTITSSSGSASITSTSSSGLELTANNTTSGTGDIKFYTRSGSTLTESMTIDSSGNATFAGTITATTLKIGGTDTYITSSSGDLVFVTGGSTSLTIDSSTGDITFAGTLTISGTGTITSGTISSYTGTIGGSSSSGTLTLASGT,200,0.7113794359794412,0.3417085427135678,0.6161616161616161,0.47893507943759195,0.96,0.6373165249824524,91.2082314491272
esm3_00030_len200_steps20,SALIAAAAAAGAAAAAAALAAFAAAAAAEAAAGLAAAAAAAAAAAALASAAAALRAAGATAAEAAAALAAAAAALAAARAGLVAAAAAAAAAAAAAAAAAAAGVAIAAAAAAAAAAAAAAARGAAPAVAAAAAADAEGAAAAAGAAAAAAAAAAAAAATGGAAAAAAASAAAAAAAAAAAAAAAALAAAAAAANAAANAA,200,0.3129327708187013,0.1708542713567839,0.2878787878787879,0.22936652961778592,0.32999999999999996,0.7700141668319702,88.8163149356842
esm3_00031_len200_steps20,GGRGGPGGPGGPGGRGGPGGAPGPGGPGGPGGAPGPGGPGGPGGPGGPGGPGGPGGAPGPGGPGGPGGPGGAPGPGGAPGPGGALGGPGGPGGPGGAPGGPGGPGGRPGGPGGPGGPGGPAGCGVPGGPGGPGGAPGAPGGPGGPGGAPGPGGAPGGAGGPGGPGGPGGAPGAPGGPGGPGGPAGCGVPGGQGGPGGAPG,200,0.3635207160486856,0.09045226130653267,0.1414141414141414,0.11593320136033704,1.0,0.29213595390319824,42.11452603340149
esm3_00032_len200_steps20,AAAAAAAERLAALAAIAAAAARPPSLAELAAARAAAVAALEAALAAAAAAGDARRAAALAERLAALRAAAEPAYAALSAAEAAALLAEAEALLATEPERAIALLARAAALRPGDAALARRLAAARLAAAEAALAAGDAARAIALLDQAGGDAAAARAALGAALAAGDAAAYAAALQKLPAAEALLASAEAALAAGDARAA,200,0.5500447847632071,0.23115577889447236,0.41919191919191917,0.3251738490431958,0.89,0.713111162185669,93.10373663902283
esm3_00033_len200_steps20,MAAAGGSSSSGAGAAGAGAAGAAVAAGGAGAAGAAAAGSSSGGAGAAGLAAAGGAGTAAAGSSSGGAGAAGAAAAGSSSGGAGAAGLAAAGGAGAAGAAAAGGAGAAEAAGAAGAAAAGGAGAAAAGSSSGGAGAAGAAAAGAAVAGAAAAGAGGAGAAAAKAAGAAATGAAGAAGTPAASGMAAAAAAAAAALARRRRR,200,0.4305513245050642,0.135678391959799,0.23232323232323232,0.18400081214151565,0.745,0.5251272320747375,69.20937895774841
esm3_00034_len200_steps20,MPRACAAAAAAADAAAAAAAAAAFAAAAAAAALAAAAAAAAAAAAALARAAADAAATADALAAAVAAALAAAASAAAAAAALSRLAALAETAAAAAAAAHAAAAFAAAEALAAAARAAAGAAAAAAAAAAAAAAAAAAAALAAAAAAALAAAAAAAAGAAAAPAPAAAAAARDAAAAVAAVTAAAPAALAALAKLAAAQA,200,0.3560295504301544,0.18592964824120603,0.29797979797979796,0.24195472311050198,0.43000000000000005,0.5512197017669678,66.47289395332336
esm3_00035_len200_steps20,MRLVALAALLVVAAAAAAAAAAAAASPEAAAAAVAAAAAAAVAAAAVAAAAAAAAARRLARPALAAAAAAAAAALVAAAAAAALVAAAAAPAAAAAALAEAAAAAAAAAAAAAAAAAAAAAAAAAEADLAARAAAAAAALAAGAAAARHAARAAAAAAAAGAAGAAAWAAAADAAAAAAAGAAAPAAPAAAGEVAAAAAR,200,0.3508664367917479,0.16080402010050251,0.2777777777777778,0.21929089893914017,0.37,0.6738534569740295,88.61355781555176
esm3_00036_len200_steps20,MKISKKIKKKDCHIIFDIDGIIFDIIGNIIKNIKMILSKKKIDTHIIKKTIKKNILKMNYKKILSIITKKLKINIKKIIKIIQKNLKKNIKINLELLNKIKNIKNIKIIASNSSKNIIFPILKKIKLPKNMKIITSDSISKNKRNKDFYKIILKKIGKNKSKKIYIIDNKINEKSIKKIKKKHKNINIVNNIKELKKILK,200,0.6991936523397297,0.38190954773869346,0.6717171717171717,0.5268133597279325,1.0,0.8444398641586304,90.67320823669434
esm3_00037_len200_steps20,MRRLLVLIALAAAAALAAAAAAPSPAEKAALEALARGEYAAAMAQAPAIAAAGNDAAAYLRELAALAALAAGDYAAAAALATDPGLRALALLGAGAPAAALAAAEAAAAANAEEAAALAALAAAAAGDAAAAAAAAAEAASAPAARVAAAAALALREGDAAAAALAAEAIYAAGLAPRAAIAAAAAEAGDAALAARAAAA,200,0.5562552783629696,0.2964824120603015,0.5,0.3982412060301508,0.73,0.6379339694976807,76.47721767425537
esm3_00038_len200_steps20,AAAAGANAEAAAAAAAALAAAAAAAAGAAAAAARAAAAAAAAAGAAAGAAAAAAASANAAAAAAAAAASAAAAAGASAAARAANAAAAAAAAAAAAKAAAAAARALAAAAAAASDIAVAAAASAAAAAAAAAATAAAAVAAAAPAAAAAAAALAAAAAAAAAALAAAAAAAEGEDEDEEDEEAAAAAAAAAEAAAAAAAA,200,0.317108731634323,0.1457286432160804,0.24242424242424243,0.1940764428201614,0.27,0.39663246273994446,59.29592847824097
esm3_00039_len200_steps20,MKKKLFKLLSLLLALLLVVSLAGCSSLSDKTKEKVADVVKEAPDIVKKGPDLIKDLPDIVKDSKTIIENGYLKKAADKALELAKVAVKTGADLVKDSKKVIDGTLKKAADVVKKAGKAAANAGADLVKKGADFVKKSKKVIEDGKLKKAADVIKKAGKAAVDAVKKGAKAAAKAGLDLMIDAAVKAGVDLDKIKKLVGKK,200,0.7553989542467795,0.3969849246231156,0.7373737373737373,0.5671793309984264,1.0,0.3908209204673767,68.90228986740112
esm3_00040_len200_steps20,AKAGAAALATAAAAAVVAAAAAAAAAAAMAGGYAALAAAALEAAALAAAGALASAAAGKDAAGFAARAAADAAADALAAAAAAAAAAAAAGAAAAVAAGAAALAAAAAAARGSARLAGGDGVVVVDAAGAAALAAAAAVAAPAAAAAMAGGAAAAAAAAHEAAALAAAAALRVACRAVAAAAAAAVVAAAAAALAAAAAK,200,0.4468603545248164,0.22110552763819097,0.3686868686868687,0.2948961981625298,0.5549999999999999,0.42475977540016174,61.01981997489929
esm3_00041_len200_steps20,MTRWLRLVPLALVLGLALAGCASTPSTPTPAPATPAPAPTPAPAPDASPDAAPDVAPTPEPDATAAPDTAPESAAPAGAEAVVPGSQDDLAQLGGRALEFAFDSATLLEENRVVLDEQAAWLRAHGDVRLTLEGHADSRGSREYNLALGEQRAEAVRRYLVAQGVPAERLTTVSYGSERPLVPTDDVREPRNRRVEVVVR,200,0.8409309055838434,0.5276381909547738,0.8636363636363636,0.6956372772955688,1.0,0.6477391123771667,93.882155418396
esm3_00042_len200_steps20,MAAAAAAAAAAAAGAALAAALAAAAAAALGAAAAAAAAAAAASAAAAAAAAGAAAAAAAAAAALVAAAAALALAAAAATAAAAAPSAAGAAAAAAAAAAAVAGLLAAAAGAAAYAAAAAAAAAAAAAHAALHAAAAAAAVAAAAAAGAAAAAALLAAAAAAAAAAVAAAAGRHAARAGAAAAAVAAAAAAAAALATAAAA,200,0.2843662933450618,0.135678391959799,0.22727272727272727,0.18147555961626313,0.28,0.6001462340354919,74.75759983062744
esm3_00043_len200_steps20,MASFAAAAAAALAAAAAAAAAAAAAAARAAAAAAAAALALAAAGAAAAAADAATAALLAAAAAAAAAAAAAAVAAAAADAAAVAAAAAVARVDAAAAAAAALAAAADAAAAAAAAAAGLARAAAAGIAALAEAAAAAREAAAARAEAVAAAAAAAAAVARAASAAALAAAAAAASATAAAAAAAAGAAARRAEAAARAAA,200,0.33425495859332677,0.1407035175879397,0.2474747474747475,0.19408913253134358,0.4,0.6351237297058105,77.15251445770264
esm3_00044_len200_steps20,MPPPAAAAAAGRAAAAAAAAAAAAAAAAAAAPAIAAAAAAAAVAAAAAGAIASATAEPAAADALAAAAHAAGAALAGARVLDVGTGSGALALLLAALGASVTGIERDPALVAFARAAAAAAGLAGRIAFAAGDAAAAAAGAGYGVIVVAAAVAAVPPALAAQLNPGGLLLAPVGDRLVAVRRGAEGRLEALGGFPFVALR,200,0.6391959457120086,0.3869346733668342,0.6363636363636364,0.5116491548652353,0.73,0.7624950408935547,92.46194362640381
esm3_00045_len200_steps20,MKNLKPLAAAAAAAAALAAGGVAAAAALANAAGAAAAAAAAAAAAAAAGALALAAAAAGAAAAAVAADGTAAAAVAAAAAAAAALAEAGIAAAAADAAAAAAAAEALVAAALAAKGRLTPAEAAAAKALAAAGAAVAAAAALAAAGVAAAAVAVAAAAVAQTALAAAAAAAAAAAAAAAAAAVAAFAAKAAAIAAAAAGA,200,0.4123292525953537,0.20100502512562815,0.32323232323232326,0.2621186741789757,0.475,0.735819935798645,91.53872728347778
esm3_00046_len200_steps20,RRRRRRRRRSRRRRRRRGQRRHPRPRLRRRRRRRRRRARRRRRRRRRRRRRRRRHRRRAAGRRRRRRRALARRGGVRRRGRPRRARRRRGRRGRRRRRRRRRRRRLRRRRLGGGAVAVAAAAAPRRRRRGGARRLRRLRGAAAAAALAAADAAAAAAADDGEAAAAAAAAAPAAAAAAAAAAAAAEAAAAAAAAAVAAAA,200,0.4672011424447118,0.18090452261306533,0.3333333333333333,0.25711892797319935,0.365,0.32611793279647827,83.16819667816162
esm3_00047_len200_steps20,AATAAAAAAAAAAAAAAALATAALAGALAAALAVAAAPAPAAAAAAAAAAAAAAAAAALAAAWVAARAARAASAAAAAAAAAAAAAAAAAAARAAAAAAAAAAAAAAAIAEAAARAAAAAAARAAAAIAAARARALARAAAHADGKAAAAAAAAADAAAATAPARRAARAAAAAAAAAAAAAAGRAAAAGAAAAASGAAR,200,0.3262883679828879,0.15577889447236182,0.2828282828282828,0.21930358865032232,0.43000000000000005,0.5171163082122803,91.27966165542603
esm3_00048_len200_steps20,MKKIKLLLLLLLLLLLFTLSAFAEKTLKLDTSKSKITFIARKNIGLSTVNGEFKKFSGEITLNDDGEITGGKVTIDMNSINTGISLRDKHLKSPDFFNVAKNGDKAVIDFPVVKVTSTDGKITVKGNLTLHGVTKPVTLKLSKKGKKVKKGKSKKIRADKKGKVTFVGKIKLGKKFKKIDKKGKKKIADEVEIKVELDFK,200,0.8265784967057057,0.5226130653266332,0.8232323232323232,0.6729226942794782,0.945,0.7478618621826172,81.45873546600342
esm3_00049_len200_steps20,MAAAAAAAAAAQFDAAALAAAAARAAAAGAAAAAAAAAAAAAAAAAAVWRGAASAAALAALAAAAAALAAAAAAAAAAAAALADAAAAAAAAAAAAAAAAAAAALAAAAAAGAAAAAAAALAAAAAAAAAAAAAAAAAAAAAAAAAAAAAAAAAAAAAAAAAAAALAAAAEAAAAAAAATSAAAAAAAAAAAAAGAPAAA,200,0.22640250529476533,0.12562814070351758,0.17676767676767677,0.1511979087355972,0.20499999999999996,0.8233863115310669,92.40665435791016
esm3_00050_len200_steps20,LLLLLSLLLLLLSLISLFQLLLLLLLSLLDLLLLLLLLGLLLLLLKLLLLLSLDLLLLLLLLSLLDLLLLLLGLERMSLSRLLLNLLLFLLLLLLLRILSVTLLTSTLLLLLLLLLLLLLLSLLLLRLLLLLLLLLNLILLLVGLLLLLLSISLLLLLLLLLLLLLLLLPNLLLLLLLLPLHLVLLLLLLLLLLSLSLSQ,200,0.3771438090232003,0.21105527638190955,0.3383838383838384,0.27471955738287396,0.375,0.5386752486228943,83.57013463973999
esm3_00051_len200_steps20,MRRLLVPLALAASLCAAAAPAAAAPPALPAAPAAPVAAPAAPGALPAAPSALPAPPAPAPELPALPTLPAAPPAAPAAPEATPPAPAPAAPANPPAAPAAPPALPAPAAPAPAAPAPAPAAPAAAPAAPAAPAAAPAPAPAAPEAAPAAPAAAGAAPAAAAAPAGAAAGPGTALLAGGLGAAAAAALGAGALALRRRVAA,200,0.49127795697504284,0.21105527638190955,0.36363636363636365,0.2873458200091366,0.905,0.17374305427074432,64.5600438117981
esm3_00052_len200_steps20,MAAAAAAAAKAAAAAGAAPVESARAASLLAAAGAAAAAAARFAAAAATAAAADAAAAIAAAVAEAAANVAASRAASAARAAAAAAAALAAALAEAAAERAAFLAAASAAAGIAASVRERAAAAAAAAVAAAAAAAEAQAAAAAVAIGRAAAAAAAAAAAAAAVAVAAAAAAAAAAAAAAAARAAAASLAAAAAAEAAAAA,200,0.40297112676142255,0.22110552763819097,0.35858585858585856,0.2898456931120248,0.47,0.5482754111289978,76.53675675392151
esm3_00053_len200_steps20,MTSTLLLIALLILLAAALAALATRVAGLERRVAKLAAIAAAAAAPAPGDALPGAEDLAAAAGRPAVALLVSPGCAACRAALPAFAALARAYAGRADFVVVLLDDGVGGAAAAREAASLAAAGARVVRVAAAALAAAAGVAAAALPKALVLDAAGRVLGVRAGAAAAGQTLEAALRAALRPYLAAGAAVAAAAARAARAAA,200,0.6687663431972859,0.36683417085427134,0.6666666666666666,0.516750418760469,0.825,0.77998948097229,92.8591251373291
esm3_00054_len200_steps20,RRLRRRRRGRDRRRLRRGRRRGRRRRRRRRRRRRRRRHRRRRRRRRRRRRRRRRRRRRRARRGRRRRRRRGRRRRRRRLRRRRGLRRGRRGRRRRRRRPRSRRRRRRRRRRLRRRLSRRRRGRRRRPRRRLRRRARRRPRRRRRRRLRLRLGLRLRLRLRLRLRLGGRLRLRRLGEAGLRLGEAGLRLGGEGGGGVGGGG,200,0.37210339644505613,0.12562814070351758,0.21717171717171718,0.17139992893761738,0.505,0.46028560400009155,82.81784653663635
esm3_00055_len200_steps20,MTGALLADLVALLLALAAAGLGASGVGLAARGGRRAAAAAAAAAAAASLAAAALAAAAAAAAAAAAALVAAAPAVRLVLGAALVAAGARLLLRPVAERRAAAAAAAAGAAAAAAALAGAVAGPVALALAAAYAARHGGAAAVACVAAAAAAAAAVAAAVGAAAASRLPARALAAARRVLGAVVLAAGVALAAAALASLAA,200,0.5149741839039953,0.23618090452261306,0.4696969696969697,0.3529389371097914,0.6950000000000001,0.7611935138702393,87.20297813415527
esm3_00056_len200_steps20,MTLLLLLSSVLLPTLYLLGVLVILGLPSPLEKLLLLCLKLLSNLLLLALLLGLSLLLLLLLLLLLGKILTEKLLEELDEALKEELLEELKEELLELLESIKETDLEEIKELLEELKSLKEELLELLVLEELLEELKEELLEKLEGLKELVESLLEELKIESPEELKEELVVVELEEELKEELLEELKELLEEPLEFLEEL,200,0.5918054376691054,0.2864321608040201,0.5252525252525253,0.4058423430282727,0.88,0.3584083318710327,85.7340395450592
esm3_00057_len200_steps20,MRRALLLLLAAAAFAAARPAAADAAAAAAQIAAAAAAAAQAAAAAAAAAAALAALLAAADPTKAAALAAAAAIAAVEAALAAIAAAGGKLSPEAQARLDAARAALAAARAAAAALPGNAAALAPAAAAVACAAAAAAADAARAAAANLAAAGAAMAAAAASGAAVDPAAAQALAAARRAAGAAAEAAAAAAAAAAAACAR,200,0.4972234765106957,0.2613065326633166,0.41919191919191917,0.34024922592761786,0.62,0.6883208751678467,77.96849608421326
esm3_00058_len200_steps20,MAAAAAAAAAAAAAAAAAAAAGAAAAAAAGGAAAAAPAAAAAAAVAAAAAAAAAAAAAAAAAALAAAAAVAAAAAAAAAAAAAAALPALRAAAAAAALDLLRAGAAAALAEAAAAAAAGALGAAAAAAALAAAAAAAAAAAAAADPAAAAAARADAAAAAALAALAAALAAAAAAAAAAAAKAAAADDAAAAARALAAAA,200,0.26857537282427657,0.135678391959799,0.23737373737373738,0.1865260646667682,0.235,0.6758850812911987,93.94299983978271
esm3_00059_len200_steps20,MEIIIIIIIVLIILGGFVLYKIKKKTKGKEELKKDLEKKSEGDIKKSEEEIKKSEEDLKISEEDLKKKEEEKKIEEKKEEEKPEEEKTKSEAELKKKEEEKKKTEEEEKKKKEEEEKKKKLEEEKKKKEEEEKKKEEEKTKKEEEEKKKKEIKKEEEKKEDKKGEKKVIKKKKSKKKIFIILGIIIIIIIIIIIIIKKKK,200,0.5885352464372768,0.25125628140703515,0.43434343434343436,0.34279985787523476,0.7,0.42935439944267273,89.75905776023865
esm3_00060_len200_steps20,LLALDLLRLYLALAALALARLALRLARLALPALAALVLASLDAAALRLATLALAAAALSALVLAHLALAALVLAAVALALAALALLAALAALALAALALAALVLAALALALAALALAHLALAMLVLAALVLALAALALALALLAGLAVAALALALAALALAALALALTALALAALAAIALAALAALAQRALILAALALAA,200,0.4406115882594775,0.19597989949748743,0.3181818181818182,0.2570808588396528,0.98,0.30079203844070435,57.68146514892578
esm3_00061_len200_steps20,MRPLRRGRARRPRRRRRRAARGRRRKRRRRRAAAGRAAAAAAPLAAAAAAAAAATAAAAAAAAAAGAAAAAAGAAATRRRRRIRRRRFRRRSRQRRRRRRRRRRRRPRRTAARRRRPRRRRRRRRRRRRRSRRRRIRGGGRRRRGGTNRRRRRRRRRVRRRRRRRRRRRVRRRRRRHTRRRAAAAAAAAVARRFGRRPRR,200,0.4725561651767875,0.20100502512562815,0.3434343434343434,0.2722196842799858,0.385,0.43242400884628296,85.87870001792908
esm3_00062_len200_steps20,MSAAPQPLRVLIVDDHPVSRALLRRVLEAAGHEVVGEAATGEEALETARLLRPDVTLVDLNLPGLSGLEVIRTLRVELPETGLVVLTAAAEGSELVREALAAGADAYLIKPFDPEELLAAVEAAAARARARRDALAALRRGLRLLLLLLLLLLLLLLLLLALLALRLALRLLVLLLLLLLLLLALLLALLLLLRHLLRRR,200,0.7176235443133564,0.4120603015075377,0.6919191919191919,0.5519897467133648,0.8200000000000001,0.7481414675712585,88.63375782966614
esm3_00063_len200_steps20,MAAVIRSAAAAATRLAAGAAARAARRYLRRAVAGGLASMFSLDLSLLRQSPELRRLLLLQAALAAAAALSVVALRLLLVDRFGLSPAYVGLLLGLAQALPALLLALPLGRLVDTRPRKRVLLFLLLVLAALELIRLAALGLEGAAGIALLLLAAALGGAAGAALGPIRAALLPELVPAGRLNAALALAAAAAALAALLPA,200,0.6935616172146087,0.37185929648241206,0.6818181818181818,0.5268387391502969,0.88,0.8243401050567627,96.04856967926025
esm3_00064_len200_steps20,AAAAAAAAALALAAAAAAAAAAAAAAAAAAAAAAAAAAAAAAAAAAEAALARAAAAAAAAAAAAAKAAKAAAAAAAAAAAAAAAAEAAAAAAAAAAAAKAAAAAAAAAAAAAAAAAAAAAAAAQAAVAAAAAAQAAAAAALALAAAAALAAAAAAAAAAAAAEAAAAAARADAAAAAAAAAAAAVAAAAAAAAVLTAARA,200,0.1924303429804427,0.09045226130653267,0.1414141414141414,0.11593320136033704,0.18000000000000005,0.5210330486297607,89.13152813911438
esm3_00065_len200_steps20,MGAVAAAAAAVAAAAAAAAAGLALAAAGLAAAAAAAAAAAVAALAALAPAAAAAAAATAAIAAAAATAAAAAAAAARLGAAARAALAAAVAIAAAAKAAAAAAAAAAAVAAAALGAASAAALGAASAAALGAASAAALGAASAAALGAAALAVAAAAAAAAAAAAAAAAAAAAAAAGAAAAAAAAAAADAAADAAAAAAA,200,0.3232512357782314,0.12562814070351758,0.21212121212121213,0.16887467641236487,0.45999999999999996,0.6860204935073853,81.52716159820557
esm3_00066_len200_steps20,MKKKKKNKKELLLLLVFLLLELAQEYLKKKDYDAALKVLDRLIKEAKKNPELKQYLDKAYLLKGNAYFGLKKYEQAVKEYKKALKINPNLAEAHFNLALAYYKLKKYDEAEKEIKKALKLNPKKSAEYYELLADIYLKKKEYEKAIEVLKEGMKKYPDNAELYYLLGEALEKNKNPEAAEYYYKKLLKDPKYAKEAYKKL,200,0.7595405412048037,0.4271356783919598,0.8232323232323232,0.6251840008121415,0.95,0.9255123138427734,98.003488779068
esm3_00067_len200_steps20,MKSLLLAAALALAAAPALAQQTPAPTPAPATAPAPAPAPAPAPAPAPAPAAAPAPADPAAAAAAAKAAAEARAAAAALLSAEAQAAAAQRALDAARAAAAAAAVAAAAAAGASAADAVAALAAAGAPAAALAAVAIADLAAAANAAAAALLAAAAAAAALAAALAAADAAAAIAAAAKAAAPLAAALIAAVLVAAGAAAA,200,0.4933725258244484,0.22110552763819097,0.4090909090909091,0.31509821836455004,0.71,0.6126459836959839,86.19785904884338
esm3_00068_len200_steps20,AAALAAALDAPIPAGDFPEAIAAARAAAKAAAAFEAIAATGAIEAAAAAAAAAALAAAAAAAAAGVAAAAAAKAAAAAAARLAEKAAAAAAGAAAAAARALAAAAAKAAAAAAAAAAAAAAAIAAAAAAAAAAARAAAAAAAAAAAAAGAAAAAAAAALAAAATAAAAAAAAAAAPVPAGDFVAAAAAAAAAAAAAEAAT,200,0.3673393791048556,0.18090452261306533,0.29292929292929293,0.23691690777117913,0.355,0.527112603187561,63.354021310806274
esm3_00069_len200_steps20,LLLLLLLLLLLLSRVLLLLLLQVLVLNLLLLQYLLLLLLRLLVLLLLLLLTLLLDLQLLLLLLLLALLAVTLRLLLALLLELLLALLLLLLLKLHLLHLLLLLLLLLLLQELLQALLLLLLLLLLLLLSLLLLLLLLALILLLQLLDVLLELLRLLLALLLLLLLLLLLLLLLLDLLRLLLLLLLLLRLLALLLALLLLL,200,0.3389081781522625,0.17587939698492464,0.2878787878787879,0.23187909243185628,0.43999999999999995,0.7594244480133057,94.90528702735901
esm3_00070_len200_steps20,MLEIIQLLLLLLLLLLLLLLFLLLLLLLILISLLLLLLLLLLLLLLLLLLLLLKPLLLLLLLLLPLALLLCLLILLLLLLLRLLLALLTLLLLLLLLLLLLLLLYLLLLLLLLLLLLLLLLLLLLLFLLLLSLLLLLLLLLLLLLLLLLLLFLLLLLLLLLLLLLLLLALFLLLLLLLLLLLLLRLILLLLLLLLLLMLL,200,0.23868501226496935,0.1457286432160804,0.23232323232323232,0.18902593776965637,0.21999999999999997,0.7394959926605225,91.93733334541321
esm3_00071_len200_steps20,RRRRRRAAAAAAAAAAAAAAAAAAAAAAAVAASAAAAAAAAAVAVAAAAAAAAVAAAAAARAPAVAAAAAAAAAAVAAAAARAPAAAAAAAAALAAACAAAVRAAALELAAEAAAAAAAAAAALAAAAAAAAAAAGAAGAAAAAAAAAAAAAAAAAAAAAVEAAAASAAAAAAAAAAAAAAPAAAAAAAAAAAAARAAAP,200,0.2574551438784617,0.11055276381909548,0.18686868686868688,0.14871072534389118,0.25,0.7558231353759766,88.87072801589966
esm3_00072_len200_steps20,MTIIELLLALAAIAALAALAADAAARAARAARRAAARAAAAAAYARASAEAARLRAEHARIAAAAAAAAAARAAAAPAAAMAAALARAAAAAAAAAAAAVAAAAAAVAAAAAAAANNATAAAAAEAAAAAAAAAAAAARAAAAAAAAAAIAAPAAAAADRLAAAAAAAAAAQARAAAAAAAAAAARAAAAAAAARRRRSA,200,0.3889551801120131,0.21105527638190955,0.3333333333333333,0.2721943048576214,0.43999999999999995,0.4159630239009857,73.42240810394287
esm3_00073_len200_steps20,AAAAAARAAAAAAVAAAAAAAAAATAAAAAAAAAAAAAAAAAAGAAAAAAAAAAAAAAGLALAAAPAAAALVAAAAAAAAAATAAAAAFAADAAGRAAAAAAAAAAAAAAAAAAAAAGAALAAAAAAAAAAAAAAAAAAVLAAAAAAAAAALAAAARAAAAAAARAAAAALGAGAAAAAAAAAALALARAAARAPAAAAA,200,0.2323858841212079,0.11055276381909548,0.19696969696969696,0.1537612303943962,0.235,0.26336899399757385,39.14741277694702
esm3_00074_len200_steps20,MAAAAAAYAAALAQLLLAAAACARWAAAAALAAALRALSAAAAAAAAAARLAAALAADSFRALDAAALAAALAYAAAAAAAAAAAEAAAAAAVAAAASAAAAALLLAAAAQAAAAAAALAAAAAAAAAVAGAAAARALAALAQLAAAASAAEAAAARAAALAAALRHAAGAGALAGLAAAAANGGAAAAPATAAPASAAA,200,0.43229631337894153,0.21608040201005024,0.37373737373737376,0.294908887873712,0.54,0.6022197604179382,83.080393075943
esm3_00075_len200_steps20,AAAAAAAAPATAAAAAAAAAAGAAGAAARDAGAAAARAAAAAAAAARAAAVAAAAAARAAAAAGAAAAAAARAAALAAAAAALASAAAAAAAPAALAAAAAAAAAAAAVANASAAAAAADAASAAAAAVAGAAAAAASAAAAAAHPAAAAAAAAAAAAAAARAALAAALALDAAAAAALAASAADAAPAALAAAFAAAAA,200,0.3065873278139698,0.12562814070351758,0.21212121212121213,0.16887467641236487,0.385,0.7398562431335449,83.4865927696228
esm3_00076_len200_steps20,MTAAALAVLARHVRPGDLVVDVGAGTGRHSLALLRAAGPAGRLLAVDRDPAALDRLRARAAAAGLADRVVARRMDARELPALLAALGLPPGSVDVVFVDAFAPRGILARVLPPLARAGLLAPGGRVVVLVKPQFEAPPEAVDRRGGRVRSPAARRLAVDRVRRWLEEEAGLRVVEVVPSPLPGPDGNEEFFLVAVPAGAG,200,0.7788039837950774,0.4371859296482412,0.8333333333333334,0.6352596314907872,0.98,0.9194464087486267,96.13288640975952
esm3_00077_len200_steps20,MLALLALLAAAAAAAAAAAAPAAAAAAAAAAAATALAALADALDALAAAVERLAAEAAAAAAAMAAIVADPAAAAAAAGRLRAAAAAAAAAAAAALAAAAEQGAAAALAAARAALAALAADAGAAAAADAARLAAAQQAAAPAPLAHFAAAAAALAASLAAAAAAQRAAIAAAAAAAAALATIAAAAASAAAAARAAAAR,200,0.4284647298298324,0.22613065326633167,0.3838383838383838,0.30498451855235775,0.505,0.8231030106544495,90.82850813865662
esm3_00078_len200_steps20,AAAAAAAAAAPAAAAAAAAAAEAAAAAAAAAAAAAAIAAAAAAAAAAAAAAAAAAAAAGAAAAAALAAAGLDAAALAAIAAAAAAAAAAAAAAAAAAAAAPAAAAAAAAAAAAAAAAAAAAAAAARAAQAAAALRAALAAAAVAAAAAAAAAALTALGLDAAALAAAAAAAAAAAAAAAALAAAGLDAAALRRAAAAAAA,200,0.24323423608221542,0.12562814070351758,0.1919191919191919,0.15877366631135476,0.265,0.5610525012016296,81.92560076713562
esm3_00079_len200_steps20,MSANPAAQAAAAAAAAAAAALAAALQALAAAAEAAALAALAALAALAAAAAAAAVAAALAALAAAAKQPAALAALLALLANPAAKAAALAALAALAAAAAASPAAMAALLALLADADPAVRAAALAALAANAAAAAASPACMAVLLALLADADAAVRAAALAALAALAAAAAAADAAAAAAAAAAAAAASAAAAAAAKAA,200,0.4188587142688748,0.1658291457286432,0.29797979797979796,0.23190447185422058,0.6599999999999999,0.7738772034645081,92.99685955047607
esm3_00080_len200_steps20,MAKEEEEEEAAAALRLRLLSLRLKLALLLLLLALLLTLTLLLLLLLAALLALLKALKELLAALLLLLLLALALLLLLLAFIPLIGLLLVLALLLLAALLLLQLDDLLDNLLLLLLALGILLLLLLYLLVLLLLLLLSLLLLSLPLLLPLALATLLDLLLKLLLLLLLVLLLLLPLIVVLLLLLLLALLLGLILLLLELLL,200,0.4933359790142265,0.22613065326633167,0.41919191919191917,0.32266128622912543,0.55,0.6021614074707031,87.79861330986023
esm3_00081_len200_steps20,MARALGAGAAGAAGAAGAGAAGTGTSAGAGASGAATGAGASGAFGAGAAGAGGAAGAGAAGAGSAAGAGGAGGAGGAGGAGGTGSAGGSGRAGGSGGAGGAGAIGAGGAGGAGGAGGAGGAVGIGGAGGGGGSGGAGGGAGGAGGAGGAGGAGGAGGAIGAGVGALGAAGARSAAGASAAGADKNVAAAGAAAAGTVAAA,200,0.451076905059596,0.1658291457286432,0.3181818181818182,0.2420054819552307,0.955,0.5294694304466248,68.16441416740417
esm3_00082_len200_steps20,RGRGRRRRRRRRRRRRRRERRRARGRRRRRRRRRRRRRRRRRRRRELRHRRRRRRARRRRRRRRRPRRRRRRRRRCRRRRRRRRLRRRRRRRRRRVRRRRRARRRRRRARRERRRRRSVRRRRRARAGRRRRRRGRRRSVRLRRLALRRRRRRRRRARRRRRRRRRRRRRRRRRRRLRRRRRRRRRRRRARRRRRARRRR,200,0.24874712717976463,0.11557788944723618,0.19696969696969696,0.15627379320846657,0.24,0.514897346496582,90.14121294021606
esm3_00083_len200_steps20,MTRLTRLLLSAALAAALAAPAALAAAAEPEPEPEPEPEPEPIPEPDPEPELEPEPRPSPSPAGVRPAEIRPAEVRPSSPAEVRPAEVRPAEVRPAENLPSPATSPSPSPSPSSPAPSPSPSPSRSPSPPSPSPSPSPPSPSPSPSPSPSPPSPSPSPSPSPSWSPSGSPKPSPSPSVSPSPSPPSASPSPNASPSPSPSP,200,0.6298318560788497,0.2562814070351759,0.40404040404040403,0.33016090553779,0.98,0.15099726617336273,69.3311095237732
esm3_00084_len200_steps20,MRRTLLALAALALAGSLAACGGGGGGEGGGGGAAGGGLGGGGGGSGGGGGGGGGAGGGGGGGGGGGGAGRGGGGGGGGGLGGGGGGGGGGGGGGGGGGLGGGEAAAAAVGSAEVAEAAAAAAAAATAAAAAAAAAAAGAAAAAAAAAAAAAAAAAAAAAATSAAASGATAALAAAAAGAATADAAAAAYATAAATAAAAK,200,0.47022681529979743,0.19095477386934673,0.32323232323232326,0.257093548550835,0.37,0.5277397036552429,68.18704009056091
esm3_00085_len200_steps20,MLLLLLLALALILLLLLLLLLLLVLLLLAALQPLALLALLLLLAALLLLALFALVALLRALARLLRLAALLLLALLLLLLLLLLLFGLLLLLLGLLLLALLALHAVLWLLLGLLLLLVLLNLLLALLFLLIAARLGLLLLLLLLLLLLLPLVLLLLLLLLLSLPPAIAKLLILLLLALALLFLLLSLLLLLRLLRRRLLA,200,0.42444561831796285,0.20100502512562815,0.36363636363636365,0.2823206943809959,0.5449999999999999,0.5833293795585632,75.42850375175476
esm3_00086_len200_steps20,MTTVTAAAAAAAGTPRTVAVGDATLAYVEFGEAGRPAVVLTHGLGGSARADFPAELVQALVARGYRVIAYDARGHGASTGPAGTLADLADDLAGLIDALGLERVVLVGHSMGGATVLAAAVRHPEIARRVAAVIASAPAAPVDPAALAAAKAAAAAAVAAAPAAAAAATAAASAAAAAAAAAAAAAAAAALAAAAALAQA,200,0.714173062409683,0.4271356783919598,0.7171717171717171,0.5721536977818384,0.795,0.7476444840431213,95.3980565071106
esm3_00087_len200_steps20,MTAAAPARRRSPAALAAALAVAAAAAALALAAAAAAAAAQAAAAAALGARIPAFTVALNDGRALALDPAAAARPVLLAFVSPDCAACRAELPLIDALARRYAGRLDVVAVAIDPALDAAGLEALRAAAGAANVRFAAPDPAAPAAAAAAAALLAAFGVSAAPALILLDAAHRVAWRAAGAVADEALLRAAIEAALAAAAR,200,0.6665989454352632,0.3768844221105528,0.6515151515151515,0.5141997868128522,0.815,0.8111817240715027,95.54721117019653
esm3_00088_len200_steps20,MAGKKALKIALAVLAVALIALGGFAAWQYLEGKRLAAELAAQDAELARLLETLKAPAEAAAYAAAQASLAAQAAAALAELAAAAAAAAAKAAAAAAEAAAVAAALAAGALKAAGQAAEAIKAALFAAAAAAAAAALAAAAEAHRLLAEAARVAAEAAALAAKLAAEAEKLAADAAKALAEAAAAAAAAQAAAAPKADEKK,200,0.5790321795798189,0.2914572864321608,0.51010101010101,0.40077914826658545,0.775,0.27188244462013245,48.84767830371857
esm3_00089_len200_steps20,AAAAALLAAAASAAAAAAAAAAAAAAKAAVSLAGAAAAAAASAAAAAAAAYAAAGAADVVATAAAAAAAAAAAAAAAYPAGAVAAPASAEAAAAAARASRAARLKAAAAVAAAAAATALATAAARAAVAAAAARAAAAAIAAAAALSAAAAAAAVAAAAAAAAAAAADGAAAAASAAAALAAAAYAAAAAAAAAAAAAAA,200,0.3449555573624504,0.17587939698492464,0.30808080808080807,0.24198010253286634,0.345,0.43279772996902466,54.38489317893982
esm3_00090_len200_steps20,MPGIDPAAAAAAAARDRAALAEAAAAAAAAAAAAAAARAAAAAAAAARAAAVAAAAAARFALARAALAARAAAAAAAARLAAAHGGASAAAAAAAAAGAAAAGRVAAAAAAAAAAAAAAAAAARAAARAAAAAAPAAAAAAAAAAAALAAARAAVLADAVAAAAAAAAAAADAPAAAAALAAAAAAFAAAKIAAAAAAAL,200,0.3506038434134773,0.18592964824120603,0.2878787878787879,0.23690421805999695,0.38,0.8026240468025208,94.08531188964844
esm3_00091_len200_steps20,MPPAPAALAAAAAALPADAPLHAEVADGVLTLTLNRPARRNALDAALLQALAAALLAAAADAAARVLVLRGAPGVFAAGADLKALAAAADPAQAAAFLRACALAIANLRELARRRPVVTVIDGTAAGGGCELILAGDLRVAASGPGVRVGLGPAAAAAAAAAAAAALRAAAAAAAAALAEAAAAAVAAGATAAVAADAAA,200,0.6698429813478044,0.40703517587939697,0.6767676767676768,0.5419014263235369,0.795,0.743448793888092,88.13639283180237
esm3_00092_len200_steps20,MVDAAAVAATVAAAAATSAAAAAAAAAAAAAAAAAAAAAAQAAAAKAAAAATTAAAAAAAASAAAAAAAAAAAAAAAMAATAAAAAAAAAAAAAAAAAAAASAPAAAAAAAALAAAAAAAAQAAATAAPEAAAAAAAAAAAAAAATAAAAATAAAAASAATTAAADPDPAAATSAAAAAAAAAPAAAAAAVAAAIGAAFA,200,0.30274407103296386,0.1658291457286432,0.2474747474747475,0.20665194660169534,0.32499999999999996,0.6537533402442932,75.89939832687378
esm3_00093_len200_steps20,MRRAAAAGAAAALAARLAAAAAAGAAAVAAAAAAAAAAAAAAAAAAAAAAAAAAAAALLAAAAASAAAAAAAAANAAAAAAAAAAADAAAAAAAAAAAAAAAAAAADAAAAAAAAAAAAKAAAAAAAAAAAPAAAAAAAAAAATAAGAAAAAAAAAAAAAAAAAAALAAAAAAAVAAATAAAAAAAAAAAAAAAVAAAAA,200,0.20492098517194735,0.12562814070351758,0.18181818181818182,0.1537231612608497,0.16500000000000004,0.6430358290672302,80.93531131744385
esm3_00094_len200_steps20,MRRGAAAAAAVAAALAALAAAPALAQAAGAAAAAAAAAAASAAAAADEAAAAAAAAAAAGAALAANAAAIAAASASAAAAGAAAAAAAAAAAAAAGAAAAAAAAAAAAAVAAAESALGAAAAAAAALAAGADAARAAAAAAAAPPAAAAAATAAAAAAAAAAAAAAAAAAAAAAAAASAAAAAAAAAEAAAAAAEARALA,200,0.3156301050170471,0.16080402010050251,0.2727272727272727,0.21676564641388762,0.37,0.7908862829208374,85.41180491447449
esm3_00095_len200_steps20,LAAAPAAAVAAAAVAAAAAAPAAVAALAAAAAAAAAAAAAAAAAAAAAAAAAAAAVADKAAAAAVAAAAAAAAAAAVAAAGMATAAPGGRIAATGAPDAAAAAAAAAAAAAGAAAAAAAAAAAAARAATAIAAADAAAAAAAATAAAAAAAAAAAAAAAASAAIAAGVASAADVAAAAAAAAAATAAAAAVAAAAAAAAL,200,0.3147949495027254,0.15577889447236182,0.25757575757575757,0.2066773260240597,0.365,0.7172576785087585,88.04819583892822
esm3_00096_len200_steps20,RRRRRRRRRRRRRRRRRSRRVRRSRRRRRRTRRRRPRRRRSRRARNRRRRRGRRRPRRRRRRARSRAARRRRRRRRRRRRRRRRRARRARRAVRRRRRRRRRRRARRRRRRRRRRRRRRRARRRRRRRRRRRRRRRARRRRRRRRRRRRRRRRRRRRRRRRRRRRRRRRGRRRRARRRRSRARRRRERRRSRRRRRRRRR,200,0.2059858767333924,0.09547738693467336,0.15656565656565657,0.12602152175016496,0.235,0.20955099165439606,61.85299754142761
esm3_00097_len200_steps20,MTTRRRLVLVALLAALAVALSALGALLPLVPLPGVPGAIRLDLSLVPVLLASLLAGTGAGLAVAAIKAVLDLLLLGGGPAALPAALAALAAAAALIAVAGAVWKRLGARRAAGLLAAGVAAALALAGGAAAAAAAAALAAQVAAGAAAVPAWTNALFAALSVGLVVAALVEVALAALVAAALALRLPALNPARAAAAAAA,200,0.647378608751425,0.3065326633165829,0.6515151515151515,0.4790239074158672,0.875,0.8209613561630249,90.7940149307251
esm3_00098_len200_steps20,MALTRARAAAAAPAAAAARAAAAAQAPAAAAAARLAAAAALPALIAAAAAAADAAAAAAAAAAAAALAAAAAAAAAAAALLAALARAAAARAAAGPAGAAAAAAAAAAAARRAAAAAAAAAAGAAASRAASRAAAAAAPGAAAAAAAAAAAPPPPPPQRRAAAAAAARAAAGAAAAAAAAAAAAAQAAAATPATAVAAAA,200,0.35424438564761834,0.1708542713567839,0.29797979797979796,0.23441703466829095,0.32499999999999996,0.4331657290458679,75.07234215736389
esm3_00099_len200_steps20,MKKTLLLLAAALALAAAAASAAAAAAAAAAALAESAKAAAAAAAALAAAGAAKAAAEAAKTAAEVAAAVSAAALAAAEAAKKMAEKAQHAAEAVKAAAEAAKAAAEAAKKAAEAAKAKAFEALKGAKAAADAAKAAAEAAKVAADSAKAEAAKLALAAGEAALKAANAAKAKAQAEELKAKVALAEAVKAAAEAAKAQAK,200,0.5088286493648319,0.22110552763819097,0.41414141414141414,0.3176234708898026,0.86,0.7017523050308228,83.17683935165405
